id,name,shortname,phonecode
01ce458c-42a9-4f04-8e4d-b39bfffd2dc8,American Samoa,AS,1684
022d43d7-4715-4bbb-b4b0-150a01880950,Guernsey and Alderney,XU,44
022db12f-9d12-4365-81c0-5d4a56e4f241,Heard and McDonald Islands,HM,0
0242473b-dfc9-42be-a2f2-4a10120b975b,Martinique,MQ,596
03419433-d191-4b7f-8441-268adc0e9693,Ireland,IE,353
034f57b8-f817-41de-ad7d-9763eaa4c6f0,Uganda,UG,256
0371c4ca-6676-4146-a9e1-80463437fb6b,Ethiopia,ET,251
039f43b8-acce-4877-9c93-4f2cfae07a67,Saint Helena,SH,290
047da59a-340b-4769-bea9-74f40a998120,Algeria,DZ,213
05ceb52b-0267-457b-9c65-0fe87f958c11,Niue,NU,683
06e08d29-ba31-46a1-bc9d-8df4f614ee3c,Reunion,RE,262
075b1386-66d5-44af-85b7-4101727ff659,Maldives,MV,960
09767915-602d-4900-8fd2-a236280d8ffe,Jordan,JO,962
09ee6fdf-298f-4d08-b916-b2ab1fb63063,Cyprus,CY,357
0a2e8435-6f42-4f42-b232-8539cc592b93,Belgium,BE,32
0a3370ba-890a-40ba-9d84-a4cf7e8cfcd1,Turks And Caicos Islands,TC,1649
0b536dc8-7dbb-4176-be20-60af92e42819,Singapore,SG,65
0c56bfba-3fbb-4599-af33-5aff8e52a884,Mexico,MX,52
0cef159f-628b-4cec-aa70-41c72b1e316a,Papua new Guinea,PG,675
110d38b0-eb40-4156-99e3-136864b6a1ec,United Arab Emirates,AE,971
1339a350-6e53-41f3-a9e6-83226a7f80e3,Morocco,MA,212
153fd8dc-1c45-4e2d-9556-c8f811f1aa79,Macau S.A.R.,MO,853
1554956c-8eaa-4874-ad41-796967cf0003,Dominican Republic,DO,1809
15bb8b8e-d359-4bd9-857c-7b666436cb41,Bulgaria,BG,359
15e75f67-43ae-4b12-987a-41392247ccce,Sri Lanka,LK,94
15f81714-c8ab-493d-bf79-a6cb5dddb30b,Lesotho,LS,266
17c43b2b-906a-4d99-be96-0e8ad241a640,Laos,LA,856
188ae2d0-7fac-42aa-8ef5-4ab12e60e140,Iceland,IS,354
18d64367-34cc-4134-8288-127a75da2250,Anguilla,AI,1264
1c057d62-1ec9-4168-a9b9-3ae78cf3d97c,New Zealand,NZ,64
1d9e601d-2567-4f83-ac65-f541975bb145,Nigeria,NG,234
1eab64db-2537-4159-a4cf-7159a4ca413b,Mayotte,YT,269
1f399f23-9dd0-49ca-b5ba-e3735f710d9a,Paraguay,PY,595
1f7748d2-e692-41f4-bb2f-8891f592834f,Kiribati,KI,686
208bef13-0d4d-433e-ac4a-a123c593a59c,Ukraine,UA,380
20b86a9e-49e7-4996-9405-0e38557048cc,Comoros,KM,269
2135648a-4a67-40c3-8c71-68e370a97e2f,Antigua And Barbuda,AG,1268
23cad8ee-cc74-435e-823d-2b614fbf063a,Puerto Rico,PR,1787
2532d447-3d75-42d6-a275-cf6e3709aa53,Kyrgyzstan,KG,996
26b04f30-5c45-45b4-9ec7-7c9abb197785,Gambia The,GM,220
288f6fed-d4e6-45a4-b204-65eca0600689,Tuvalu,TV,688
28d24e96-90bc-44fb-b0af-781f1e40348a,Canada,CA,1
294ed9b3-b8dc-4130-a31b-d08bcc3b3047,Aruba,AW,297
2d83defb-1bc8-43ab-8b73-85eba0d860a4,Guinea,GN,224
2db88fd5-a01c-4166-84a6-e1f46909ff03,Malawi,MW,265
3120a689-e527-4d47-91a2-e78bd0bec3fd,Spain,ES,34
324dafd3-7306-4a7c-9892-729df3e341b2,Turkey,TR,90
325b46e5-c9c1-4398-8482-2da8e005bbbb,Zambia,ZM,260
36b921e4-6c06-46aa-84ab-891b350743b1,Iran,IR,98
38619992-52b9-4ab3-8e31-270d387e9c45,Pakistan,PK,92
388fc9cd-8b63-45dc-ac02-949fbd6ba733,Nicaragua,NI,505
392df3a3-f33a-4266-b37c-7c7b3257039d,Oman,OM,968
39bf4e74-7b7e-4886-a17b-1266368fa7e7,Djibouti,DJ,253
3a1abbe7-ed50-4b5d-a979-28e2f7623763,Palestinian Territory Occupied,PS,970
3aa349d1-497d-43e3-91cb-846c0cdf52c8,French Guiana,GF,594
3af0b6d3-b75d-4372-a7cc-45e7b09fca46,Syria,SY,963
3c075248-70fe-44ff-b839-706b2b5513b2,Netherlands The,NL,31
3d1156e6-a0f4-43e2-a392-3729f0a70dd5,Lithuania,LT,370
3d7494de-4ac1-4b2d-b33b-a124614288f0,Lebanon,LB,961
3fba6abe-00d5-4c91-adb4-37be3c475d56,Jersey,XJ,44
42d358f7-5ac4-47bb-b6f5-e407ee97109f,Honduras,HN,504
4336f6d8-b2b3-4681-979b-5704e59f800c,San Marino,SM,378
43bfc29e-c3dd-411a-bc77-5722bd3e05b1,United Kingdom,GB,44
44010556-b7c4-4b98-97c8-731d380514c0,Bahamas The,BS,1242
459e740a-1737-48cc-9031-d9e975738ce4,East Timor,TP,670
45a7aa9c-b28a-42a8-a6a7-812856cd5963,Bangladesh,BD,880
46275aa8-5ad8-4ca6-9a02-f0aa7a001766,France,FR,33
4652f464-e664-4407-90af-31ed3a9b7068,Zimbabwe,ZW,263
470ae9f6-8a81-4aef-9190-673d96ae951e,Brazil,BR,55
49680d75-1892-4545-aae1-1a63290250e3,Chile,CL,56
49bf0088-808d-46df-80a6-beb6ccf67439,Antarctica,AQ,0
4a358607-880d-4472-8112-64f8122152c4,South Sudan,SS,211
4b2583a9-100c-40c2-ad30-8010b3d012aa,Australia,AU,61
4b683703-9120-4de4-8e44-85bfa182f00a,Nepal,NP,977
4b8a34cf-2b81-4a30-a140-b3b262e40010,Korea North,KP,850
4b96b334-2044-417e-ad16-c62ef3744a04,Svalbard And Jan Mayen Islands,SJ,47
4c8adcca-29fe-47da-9934-0fe30c43eade,French Polynesia,PF,689
4dde4805-36c5-4941-9cb3-ddd618cf5f6b,Bolivia,BO,591
507ce5cf-6388-4130-ac38-6ab8e8610a9d,Vatican City State (Holy See),VA,39
5145e7dc-8ba2-41fd-a516-56e8fe3b194e,New Caledonia,NC,687
52009be6-b3d7-4781-925d-70224b314a10,Micronesia,FM,691
5286b387-2efa-4be8-b31f-4c2937eb6f5e,Barbados,BB,1246
52fb12ca-26fb-464d-ac12-85fc4b6bb7a9,Suriname,SR,597
53aed06b-c96d-4385-b0e6-cd94b81d1af7,Haiti,HT,509
54627ffa-a9de-4a49-ad10-4488b9a40059,Georgia,GE,995
56245ee8-a2e7-4f3c-b71f-523e208e1d24,Uzbekistan,UZ,998
579250da-0a98-4d8d-a7bb-9a4577a79391,Cambodia,KH,855
5797bd29-3ed8-4c2e-a263-161728b2dac6,Christmas Island,CX,61
5820693b-0c39-4205-b35c-9515b99beaeb,Liberia,LR,231
5830c8d0-5e3e-4bfe-8beb-c908f30e53c2,Switzerland,CH,41
59d80ef6-af86-416f-b19c-ad74ae41b2e7,Tajikistan,TJ,992
5b88f2f3-5236-4380-b5af-cfc9797487ac,Sierra Leone,SL,232
5c29651f-0c15-4aa9-858e-09a0b563f027,Sweden,SE,46
5d5345a1-db6e-4a47-b1ee-c905e4d4a9b1,Croatia (Hrvatska),HR,385
5e87c6cb-1c22-4cf0-b487-e510f6866329,Russia,RU,70
5eca5166-6d27-469f-badc-a08c580f4eb7,Austria,AT,43
5ff81a9c-40b9-44d3-a132-65e1697dfe01,Turkmenistan,TM,7370
6073aca3-6207-4066-aa11-572e07c3a164,Latvia,LV,371
60c91e42-940b-42c6-b1b4-b514eb16de5f,Mauritania,MR,222
6144b4c4-d2ec-422a-aec9-431234e9f0cb,Swaziland,SZ,268
6192fe45-9b26-4bd5-8e4d-402094d7b4e3,Cocos (Keeling) Islands,CC,672
62fb887b-3e0d-48f9-a354-f5007b68d58b,Andorra,AD,376
635721fe-0c40-49ab-9ab8-7dfb92da8d7d,Thailand,TH,66
638df9be-08d7-4523-8c56-341f8a58a550,Hungary,HU,36
655630f3-c62c-4fd8-a6e0-4fcb8edc2275,Cayman Islands,KY,1345
666e47d6-55b1-4ff7-b28e-aa3d48cc3d6b,Eritrea,ER,291
6737c0b7-cba7-4f1a-8704-e27876691361,Mauritius,MU,230
683ca831-800b-435c-aeb3-32dbf046c1ce,Finland,FI,358
69020871-f85a-48c3-a9e4-57637d07d22e,Czech Republic,CZ,420
6930297b-f2c3-4bdf-a73e-c82fed13c2d6,Brunei,BN,673
6994cce6-5120-4f4f-a2f6-7fd88edb3581,Uruguay,UY,598
69ff4749-1e14-4b8e-8fb7-5385163b8612,Greece,GR,30
6a05e26d-1263-40e8-b3c6-a7315e88eae0,Benin,BJ,229
6ac33ed2-ccff-4c22-95bb-5b7cf6bd93d5,Saint Lucia,LC,1758
6b54ae4b-54bb-40e9-b82d-7c047db514ac,Yugoslavia,YU,38
6b7e035c-8290-4574-bc1d-0caaa2aa1ac2,Bouvet Island,BV,0
6c70ceb9-d155-4274-8ce9-1e3a511d1dd4,Peru,PE,51
6e597443-a8de-4a1e-9360-ab26e2433312,Saint Vincent And The Grenadines,VC,1784
6eb8d154-2e18-42e6-abd5-a22799ae01df,Ecuador,EC,593
6ee66ec7-6a05-45e1-a4de-ab22c7e815e1,External Territories of Australia,XA,61
6f7644a3-5395-4713-8b56-26b72c5dfd21,Mozambique,MZ,258
70d6114d-c991-4621-b1fe-ecaf6edde9e0,Costa Rica,CR,506
71e751be-2bfc-4519-ac8c-acff8c535da8,Ghana,GH,233
7337fc83-1c0b-4f28-a18f-8164b3782294,Trinidad And Tobago,TT,1868
78b9fffb-c859-44db-9349-4abdda066874,Seychelles,SC,248
78db9d6a-83e5-41e8-9dc8-7d649ff2fc9f,Jamaica,JM,1876
79c1e63a-a089-4333-b993-fc41b49c6f90,Gibraltar,GI,350
7a9bfb34-d7d8-4383-af3c-84f495f3b9bc,South Africa,ZA,27
7b1492a7-75d4-4685-9001-c2802929f7ad,Denmark,DK,45
7bf6fe3a-dfe2-4b62-8dcf-d7ae94448d49,Panama,PA,507
7d8fa141-702b-4be1-a997-9b3b7116ef15,Bahrain,BH,973
7ed97be0-1b58-438e-afa0-bd779a658958,Myanmar,MM,95
7f338c96-5fe9-4bc9-931b-45a7a54d4464,Virgin Islands (US),VI,1340
8135e3c4-750c-4803-8a52-ca9b37a45da7,Angola,AO,244
820a0cff-950b-4465-a28b-baaeae9acb77,Northern Mariana Islands,MP,1670
828592c8-6f54-4e20-b13f-2eed63b8d87f,Cameroon,CM,237
8344a35a-78ba-414a-9f60-1b1d5e817849,Macedonia,MK,389
84889d94-d215-4c8b-8b8c-75b5535fab99,Dominica,DM,1767
84dbd178-9d6a-4d86-a2fd-081581f6c9f5,Somalia,SO,252
859123c0-c205-4493-b9d4-873f21c4863d,Kazakhstan,KZ,7
8797088e-25b8-44f0-b1b6-3f53d7366bca,Saudi Arabia,SA,966
88319441-d95a-43be-9c3f-fee4bf0b3564,Gabon,GA,241
897168b5-9447-4ebc-a0cc-6f34b6bddf13,Central African Republic,CF,236
898dff02-099b-46bb-830c-628111aa87aa,Sao Tome and Principe,ST,239
8b3f26a4-a4f3-4456-8f07-86e67befcebd,Portugal,PT,351
8bb25a95-fdff-4dc9-b752-c99e1231403f,Falkland Islands,FK,500
8bdf9768-2961-4a41-89c9-6b40ae95d3d8,Montserrat,MS,1664
8dd91e6c-8870-4e7b-9606-cc0be4637394,Burkina Faso,BF,226
90dec51f-796a-4d81-af8d-d887ef5fbc69,Solomon Islands,SB,677
9166b70b-bf89-4f33-9f2e-ccd8688db665,Bhutan,BT,975
91bd33e7-f819-4d2f-bdaf-49775fa1bb9e,Yemen,YE,967
91dc8003-574c-4d8b-8e3e-02eb7e6d38e1,Saint Kitts And Nevis,KN,1869
9337b3c5-27c7-4aa4-ab1a-6341dec38471,Libya,LY,218
9363c529-28c2-4211-9e07-dfab287d9776,China,CN,86
93fb09f3-59f4-44fb-977a-92642ce38854,Tunisia,TN,216
96088058-fb66-46a1-ad7c-36b46bf85a94,Estonia,EE,372
9688e381-5204-4e7d-94a2-f9125ec9eef9,El Salvador,SV,503
97134cfd-5c5e-46ff-a7f6-90059c77b11d,Taiwan,TW,886
985e1db6-5290-476a-8721-d209857327ac,Azerbaijan,AZ,994
9894b78c-b3f2-4600-9acb-71fc1ab1e95b,Liechtenstein,LI,423
98c3fdc7-c868-41e1-9e32-8a10430d57a4,Korea South,KR,82
99f23acf-366e-4d6c-af31-082211e33cde,"Cote D'Ivoire (Ivory Coast)",CI,225
9a5adf87-f22c-4dd1-9e60-8c4efaacf8cf,Greenland,GL,299
9c902d7b-d63a-47b1-8397-e089290bc699,Argentina,AR,54
9d83c4f6-c031-4dbc-829c-fc58e40937c1,Venezuela,VE,58
9dea6ca6-5e86-47b2-ad08-a8fcf9605f2f,Afghanistan,AF,93
a0100095-a6bc-412b-8272-8006c041462d,Republic Of The Congo,CG,242
a1e5a20e-442e-4f6a-b8ae-e56757b65af5,Kenya,KE,254
a23bee61-118b-46d6-86d4-a778425665b6,Qatar,QA,974
a2ea6bae-78f4-4b87-8539-e115929d6173,Senegal,SN,221
a38fff38-4763-4866-aca4-72bd12c7de9d,Vanuatu,VU,678
a49ab9ae-ff27-484e-999b-4e26f20f6625,Mongolia,MN,976
a52657a5-307a-4fd2-a890-934e28dd12b7,Netherlands Antilles,AN,599
a5992f87-59b9-42dd-a504-0f363d53266c,Guadeloupe,GP,590
a6d1b3e6-42ef-4197-b1f1-1732ac98f206,Philippines,PH,63
a748d5bc-666d-446b-abd2-c6e81d7d20d2,Serbia,RS,381
a8622c6f-9777-4b0c-a83f-9f71cd57a8a3,Malaysia,MY,60
a89bf8ef-651f-4c53-82f7-72d6f92b690a,Belarus,BY,375
aebbd9c7-a705-4046-85a9-2c0a539588fd,Madagascar,MG,261
b167cd39-f090-4c7c-9ccd-b1d7bfb62dc3,Mali,ML,223
b3978cce-1195-4304-b818-a17a9f66019b,Fiji Islands,FJ,679
b40253ef-3c88-415c-a12f-8500dc262db9,Bermuda,BM,1441
b5c8c591-111d-4f06-ac79-fd17b588dc17,Man (Isle of),XM,44
b78f055f-9bb4-44a1-90ce-b0ed5c6860dc,Romania,RO,40
b7912d4d-9b37-4541-bff1-8a2af707b3b4,Monaco,MC,377
b8257ae7-d631-48eb-9758-46bb1b9cae5c,Albania,AL,355
b89aa2a1-3f32-4964-88b7-1445b42cacab,Slovakia,SK,421
b9f7cf41-0aff-46f2-8249-1b2f28433c31,Iraq,IQ,964
bc3796f8-913d-421c-8102-a0490bdb0d04,Kuwait,KW,965
bed58b36-a1bd-425c-8b83-4c27d3abb017,Malta,MT,356
beee3300-2431-49e2-a7bf-92c820e7fe87,South Georgia,GS,0
c160f30c-0cc2-4b34-bb89-0c03222cb9b5,Faroe Islands,FO,298
c36e5426-894e-45c7-a131-8dd0a1eda652,Israel,IL,972
c614fd39-964d-4f59-9110-862f1338308a,Cape Verde,CV,238
c8981e12-2392-4f37-a225-cb46129ff154,Samoa,WS,684
c8de5a5a-b76f-4ec7-983d-2f8ff75a450e,Chad,TD,235
c8ffb257-d54f-4637-b9df-881d08d50806,Japan,JP,81
c931b5f8-f409-4692-940a-3db794d460ea,Democratic Republic Of The Congo,CD,242
c9b979cf-62f5-4871-abfd-e8df12b22625,Smaller Territories of the UK,XG,44
ca5dc58d-9c61-4e93-ae6c-0a608bc1ca5f,Tanzania,TZ,255
cc19e6c3-ea15-4876-ab75-63425dab3c39,Palau,PW,680
cd49198b-ab20-4889-8862-fd0adb45199a,Cook Islands,CK,682
cd557d71-1bab-4758-ac95-6ce5af87e9b7,Guyana,GY,592
d35a6287-909e-46fe-a696-86bd9d6d3afe,Vietnam,VN,84
d3c0f1e1-9d53-4621-894c-321f0fce571b,Italy,IT,39
d794f6d6-e5a6-43f0-957c-55a6eb3fc814,Norfolk Island,NF,672
d8495915-a72e-46dc-9f7e-36a412940523,Cuba,CU,53
d8c113df-da38-4f29-b3c4-37ffffcb0578,Moldova,MD,373
d957a825-d357-4a2d-b8cb-e2510ffc5d37,Bosnia and Herzegovina,BA,387
db3a63fb-4745-4099-b29f-c8dfb55ed9f1,Virgin Islands (British),VG,1284
db88e1c1-d67c-4f76-a586-2694628f8afb,Indonesia,ID,62
dc23dac5-7331-4c9b-bbb8-bfd7392ef21d,Guatemala,GT,502
dd30c31c-d133-4d7e-8f68-b70382802d2b,Armenia,AM,374
dec6da52-ebc7-4b33-b0f1-540c2c49f53b,Guinea-Bissau,GW,245
dfabd6de-e553-484b-b631-f78bdc356e9f,Hong Kong S.A.R.,HK,852
dfe3d5aa-273a-4b47-9256-83a2da298e4c,Namibia,NA,264
e0b7d87d-3c92-4256-a551-4ad23f53a586,Norway,NO,47
e1419080-cf43-447e-b35a-9aaf9f96ded3,Pitcairn Island,PN,0
e1c417cf-550a-4457-b744-1db7fd5c86fb,India,IN,91
e56aa6f9-837b-4b2c-8b18-69683a759d78,Tokelau,TK,690
e822dc6d-f102-4745-8288-734b4252b73f,Togo,TG,228
e9ea53db-6e80-4e96-a730-0a40acf664c8,Grenada,GD,1473
eb4dc95a-1b5b-4ae3-a98c-fc0ef5876b30,Marshall Islands,MH,692
ebeb9ed9-f24a-47b1-a615-ad3c3b4182bd,Tonga,TO,676
ed0c97ba-b41d-4fcf-90fc-dd20a17f58b7,Botswana,BW,267
ed55af92-0cdf-47cf-9275-33ddf70b11c4,British Indian Ocean Territory,IO,246
ed591bbe-ac31-4c85-bdff-35623196be60,Western Sahara,EH,212
edb65b89-75da-4523-ae0f-bb0af321fd2b,Colombia,CO,57
ee14fd81-9a32-4ae2-b401-88653e2493cd,Luxembourg,LU,352
ee6be4d9-418c-41a0-8f70-9d26f32dec55,Guam,GU,1671
eff99f22-13fa-487e-b0cd-f84ab18d3658,Nauru,NR,674
f1d7cdf5-3859-4ef6-ad4b-6cd666df9129,Germany,DE,49
f1fc5858-036c-4408-a517-fef609f2eb2c,Rwanda,RW,250
f3097d6d-b34f-49fe-82a5-c36bca7571c8,French Southern Territories,TF,0
f31a7379-7f2f-4292-9f6a-02ebda6d5f7f,Burundi,BI,257
f447b3d4-6986-42b8-ac8e-03d54ae6ea9b,Slovenia,SI,386
f4ccb4ab-e8f3-425c-aba6-b9b78c99ee4f,Niger,NE,227
f7c23c15-6ba4-4f9c-8fd9-964be7c3cb64,United States,US,1
f81d742f-fda8-4af4-abf7-a27d28321e87,Sudan,SD,249
f8ebb099-f848-464b-bf3c-4bec9c0c567b,Wallis And Futuna Islands,WF,681
f9b89e6f-5d81-465f-b211-fb80a54ec098,Egypt,EG,20
fabe4946-d4ee-474b-a962-b828c759cae5,Saint Pierre and Miquelon,PM,508
fbab237b-b4a3-45d6-b0c7-73a8ff06d5a0,Poland,PL,48
fdec51c2-ef0f-400d-9047-5500b69362da,United States Minor Outlying Islands,UM,1
fe775942-8b41-4352-819a-1d3703c23953,Belize,BZ,501
fe779476-0be3-45f8-a7c5-a2482d1c898b,Equatorial Guinea,GQ,240